[
{
  "model": "classifieds.rubric",
  "pk": 1,
  "fields": {
    "name": "\u0422\u0440\u0430\u043d\u0441\u043f\u043e\u0440\u0442",
    "slug": "transport"
  }
},
{
  "model": "classifieds.rubric",
  "pk": 2,
  "fields": {
    "name": "\u041d\u0435\u0434\u0432\u0438\u0436\u0438\u043c\u043e\u0441\u0442\u044c",
    "slug": "nedvizhimost"
  }
},
{
  "model": "classifieds.rubric",
  "pk": 3,
  "fields": {
    "name": "\u0420\u0430\u0431\u043e\u0442\u0430",
    "slug": "rabota"
  }
},
{
  "model": "classifieds.rubric",
  "pk": 4,
  "fields": {
    "name": "\u041f\u0440\u043e\u0434\u0443\u043a\u0442\u044b \u043f\u0438\u0442\u0430\u043d\u0438\u044f",
    "slug": "produkty-pitaniya"
  }
},
{
  "model": "classifieds.rubric",
  "pk": 5,
  "fields": {
    "name": "\u042d\u043b\u0435\u043a\u0442\u0440\u043e\u043d\u0438\u043a\u0430",
    "slug": "elektronika"
  }
},
{
  "model": "classifieds.rubric",
  "pk": 6,
  "fields": {
    "name": "\u0411\u0438\u0437\u043d\u0435\u0441 \u0438 \u0443\u0441\u043b\u0443\u0433\u0438",
    "slug": "biznes-i-uslugi"
  }
},
{
  "model": "classifieds.rubric",
  "pk": 7,
  "fields": {
    "name": "\u0416\u0438\u0432\u043e\u0442\u043d\u044b\u0435",
    "slug": "zhivotnye"
  }
},
{
  "model": "classifieds.rubric",
  "pk": 8,
  "fields": {
    "name": "\u0420\u0430\u0441\u0442\u0435\u043d\u0438\u044f",
    "slug": "rasteniya"
  }
},
{
  "model": "classifieds.rubric",
  "pk": 9,
  "fields": {
    "name": "\u041e\u0434\u0435\u0436\u0434\u0430",
    "slug": "odezhda"
  }
},
{
  "model": "classifieds.rubric",
  "pk": 10,
  "fields": {
    "name": "\u041e\u0431\u0443\u0432\u044c",
    "slug": "obuv"
  }
},
{
  "model": "classifieds.rubric",
  "pk": 11,
  "fields": {
    "name": "\u0414\u043e\u043c \u0438 \u0441\u0430\u0434",
    "slug": "dom-i-sad"
  }
},
{
  "model": "classifieds.rubric",
  "pk": 12,
  "fields": {
    "name": "\u0421\u043f\u043e\u0440\u0442 \u0438 \u043e\u0442\u0434\u044b\u0445",
    "slug": "sport-i-otdyh"
  }
},
{
  "model": "classifieds.rubric",
  "pk": 13,
  "fields": {
    "name": "\u0422\u043e\u0432\u0430\u0440\u044b \u0434\u043b\u044f \u0434\u0435\u0442\u0435\u0439",
    "slug": "tovary-dlya-detej"
  }
},
{
  "model": "classifieds.rubric",
  "pk": 14,
  "fields": {
    "name": "\u0411\u044b\u0442\u043e\u0432\u0430\u044f \u0442\u0435\u0445\u043d\u0438\u043a\u0430",
    "slug": "bytovaya-tehnika"
  }
},
{
  "model": "classifieds.rubric",
  "pk": 15,
  "fields": {
    "name": "\u041a\u043e\u043c\u043f\u044c\u044e\u0442\u0435\u0440\u043d\u0430\u044f \u0442\u0435\u0445\u043d\u0438\u043a\u0430",
    "slug": "kompyuternaya-tehnika"
  }
},
{
  "model": "classifieds.rubric",
  "pk": 16,
  "fields": {
    "name": "\u0421\u043c\u0430\u0440\u0442\u0444\u043e\u043d\u044b \u0438 \u043c\u043e\u0431\u0438\u043b\u044c\u043d\u044b\u0435 \u0442\u0435\u043b\u0435\u0444\u043e\u043d\u044b",
    "slug": "smartfony-i-mobilnye-telefony"
  }
},
{
  "model": "classifieds.rubric",
  "pk": 19,
  "fields": {
    "name": "\u041a\u0440\u0430\u0441\u043e\u0442\u0430 \u0438 \u0437\u0434\u043e\u0440\u043e\u0432\u044c\u0435",
    "slug": "krasota-i-zdorove"
  }
},
{
  "model": "classifieds.rubric",
  "pk": 20,
  "fields": {
    "name": "\u0421\u0442\u0440\u043e\u0438\u0442\u0435\u043b\u044c\u043d\u044b\u0435 \u043c\u0430\u0442\u0435\u0440\u0438\u0430\u043b\u044b",
    "slug": "stroitelnye-materialy"
  }
},
{
  "model": "classifieds.rubric",
  "pk": 21,
  "fields": {
    "name": "\u041e\u0431\u043e\u0440\u0443\u0434\u043e\u0432\u0430\u043d\u0438\u0435 \u0438 \u0438\u043d\u0441\u0442\u0440\u0443\u043c\u0435\u043d\u0442\u044b",
    "slug": "oborudovanie-i-instrumenty"
  }
},
{
  "model": "classifieds.rubric",
  "pk": 22,
  "fields": {
    "name": "\u041a\u043d\u0438\u0433\u0438 \u0438 \u043a\u0430\u043d\u0446\u0442\u043e\u0432\u0430\u0440\u044b",
    "slug": "knigi-i-kanctovary"
  }
},
{
  "model": "classifieds.rubric",
  "pk": 23,
  "fields": {
    "name": "\u0425\u043e\u0431\u0431\u0438",
    "slug": "hobbi"
  }
},
{
  "model": "classifieds.rubric",
  "pk": 24,
  "fields": {
    "name": "\u0423\u043a\u0440\u0430\u0448\u0435\u043d\u0438\u044f \u0438 \u0434\u0440\u0430\u0433\u043e\u0446\u0435\u043d\u043d\u043e\u0441\u0442\u0438",
    "slug": "ukrasheniya-i-dragocennosti"
  }
},
{
  "model": "classifieds.category",
  "pk": 1,
  "fields": {
    "rubric": 2,
    "name": "\u0414\u043e\u043c\u0430",
    "slug": "doma"
  }
},
{
  "model": "classifieds.category",
  "pk": 2,
  "fields": {
    "rubric": 2,
    "name": "\u041a\u0432\u0430\u0440\u0442\u0438\u0440\u044b",
    "slug": "kvartiry"
  }
},
{
  "model": "classifieds.category",
  "pk": 3,
  "fields": {
    "rubric": 2,
    "name": "\u041a\u043e\u043c\u043d\u0430\u0442\u044b",
    "slug": "komnaty"
  }
},
{
  "model": "classifieds.category",
  "pk": 4,
  "fields": {
    "rubric": 2,
    "name": "\u0417\u0435\u043c\u0435\u043b\u044c\u043d\u044b\u0435 \u0443\u0447\u0430\u0441\u0442\u043a\u0438",
    "slug": "zemelnye-uchastki"
  }
},
{
  "model": "classifieds.category",
  "pk": 5,
  "fields": {
    "rubric": 2,
    "name": "\u041a\u043e\u043c\u043c\u0435\u0440\u0447\u0435\u0441\u043a\u0430\u044f \u043d\u0435\u0434\u0432\u0438\u0436\u0438\u043c\u043e\u0441\u0442\u044c",
    "slug": "kommercheskaya-nedvizhimost"
  }
},
{
  "model": "classifieds.category",
  "pk": 6,
  "fields": {
    "rubric": 4,
    "name": "\u0410\u043b\u043a\u043e\u0433\u043e\u043b\u044c\u043d\u044b\u0435 \u043d\u0430\u043f\u0438\u0442\u043a\u0438",
    "slug": "alkogolnye-napitki"
  }
},
{
  "model": "classifieds.category",
  "pk": 7,
  "fields": {
    "rubric": 4,
    "name": "\u0411\u0435\u0437\u0430\u043b\u043a\u043e\u0433\u043e\u043b\u044c\u043d\u044b\u0435 \u043d\u0430\u043f\u0438\u0442\u043a\u0438",
    "slug": "bezalkogolnye-napitki"
  }
},
{
  "model": "classifieds.category",
  "pk": 8,
  "fields": {
    "rubric": 3,
    "name": "\u0412\u0430\u043a\u0430\u043d\u0441\u0438\u0438",
    "slug": "vakansii"
  }
},
{
  "model": "classifieds.category",
  "pk": 9,
  "fields": {
    "rubric": 3,
    "name": "\u041f\u043e\u0438\u0441\u043a \u0440\u0430\u0431\u043e\u0442\u044b",
    "slug": "poisk-raboty"
  }
},
{
  "model": "classifieds.category",
  "pk": 10,
  "fields": {
    "rubric": 2,
    "name": "\u0413\u0430\u0440\u0430\u0436\u0438 \u0438 \u043f\u0430\u0440\u043a\u043e\u0432\u043a\u0438",
    "slug": "garazhi-i-parkovki"
  }
},
{
  "model": "classifieds.category",
  "pk": 11,
  "fields": {
    "rubric": 2,
    "name": "\u041d\u0435\u0434\u0432\u0438\u0436\u0435\u043c\u043e\u0441\u0442\u044c \u0437\u0430 \u0440\u0443\u0431\u0435\u0436\u043e\u043c",
    "slug": "nedvizhemost-za-rubezhom"
  }
},
{
  "model": "classifieds.category",
  "pk": 12,
  "fields": {
    "rubric": 2,
    "name": "\u041f\u0440\u0435\u0434\u043b\u043e\u0436\u0435\u043d\u0438\u044f \u043e\u0442 \u0437\u0430\u0441\u0442\u0440\u043e\u0439\u0449\u0438\u043a\u043e\u0432",
    "slug": "predlozheniya-ot-zastrojshikov"
  }
},
{
  "model": "classifieds.subcategory",
  "pk": 2,
  "fields": {
    "category": 2,
    "name": "\u041f\u0440\u043e\u0434\u0430\u0436\u0430 \u043a\u0432\u0430\u0440\u0442\u0438\u0440",
    "slug": "prodazha-kvartir"
  }
},
{
  "model": "classifieds.subcategory",
  "pk": 3,
  "fields": {
    "category": 2,
    "name": "\u041f\u043e\u043a\u0443\u043f\u043a\u0430 \u043a\u0432\u0430\u0440\u0442\u0438\u0440",
    "slug": "pokupka-kvartir"
  }
},
{
  "model": "classifieds.subcategory",
  "pk": 4,
  "fields": {
    "category": 1,
    "name": "\u041f\u0440\u043e\u0434\u0430\u0436\u0430 \u0434\u043e\u043c\u043e\u0432",
    "slug": "prodazha-domov"
  }
},
{
  "model": "classifieds.subcategory",
  "pk": 5,
  "fields": {
    "category": 1,
    "name": "\u041f\u043e\u043a\u0443\u043f\u043a\u0430 \u0434\u043e\u043c\u043e\u0432",
    "slug": "pokupka-domov"
  }
},
{
  "model": "classifieds.subcategory",
  "pk": 6,
  "fields": {
    "category": 9,
    "name": "\u041f\u043e\u0438\u0441\u043a \u0440\u0430\u0431\u043e\u0442\u044b \u0432 \u0440\u0430\u0434\u0438\u043e\u044d\u043b\u0435\u043a\u0442\u0440\u043e\u043d\u0438\u043a\u0435",
    "slug": "poisk-raboty-v-radioelektronike"
  }
},
{
  "model": "classifieds.subcategory",
  "pk": 7,
  "fields": {
    "category": 9,
    "name": "\u0421\u0442\u0440\u043e\u0438\u0442\u0435\u043b\u044c\u0441\u0442\u0432\u043e",
    "slug": "stroitelstvo"
  }
},
{
  "model": "classifieds.subcategory",
  "pk": 8,
  "fields": {
    "category": 6,
    "name": "\u041f\u0438\u0432\u043e",
    "slug": "pivo"
  }
},
{
  "model": "classifieds.subcategory",
  "pk": 9,
  "fields": {
    "category": 6,
    "name": "\u0412\u043e\u0434\u043a\u0430",
    "slug": "vodka"
  }
},
{
  "model": "classifieds.subcategory",
  "pk": 10,
  "fields": {
    "category": 7,
    "name": "\u0427\u0430\u0439",
    "slug": "chaj"
  }
},
{
  "model": "classifieds.subcategory",
  "pk": 11,
  "fields": {
    "category": 7,
    "name": "\u041a\u043e\u0444\u0435",
    "slug": "kofe"
  }
},
{
  "model": "classifieds.subcategory",
  "pk": 12,
  "fields": {
    "category": 5,
    "name": "\u0410\u0440\u0435\u043d\u0434\u0430 \u043a\u043e\u043c\u043c\u0435\u0440\u0447\u0438\u0441\u043a\u043e\u0439 \u043d\u0435\u0434\u0432\u0438\u0436\u0438\u043c\u043e\u0441\u0442\u0438",
    "slug": "arenda-kommerchiskoj-nedvizhimosti"
  }
},
{
  "model": "classifieds.subcategory",
  "pk": 13,
  "fields": {
    "category": 5,
    "name": "\u041f\u0440\u043e\u0434\u0430\u0436\u0430 \u043a\u043e\u043c\u043c\u0435\u0440\u0447\u0438\u0441\u043a\u043e\u0439 \u043d\u0435\u0434\u0432\u0438\u0436\u0438\u043c\u043e\u0441\u0442\u0438",
    "slug": "prodazha-kommerchiskoj-nedvizhimosti"
  }
},
{
  "model": "classifieds.subcategory",
  "pk": 14,
  "fields": {
    "category": 5,
    "name": "\u041f\u043e\u043a\u0443\u043f\u043a\u0430 \u043a\u043e\u043c\u043c\u0435\u0440\u0447\u0438\u0441\u043a\u043e\u0439 \u043d\u0435\u0434\u0432\u0438\u0436\u0438\u043c\u043e\u0441\u0442\u0438",
    "slug": "pokupka-kommerchiskoj-nedvizhimosti"
  }
},
{
  "model": "classifieds.subcategory",
  "pk": 15,
  "fields": {
    "category": 12,
    "name": "\u041a\u0432\u0430\u0440\u0442\u0438\u0440\u044b \u043e\u0442 \u0437\u0430\u0441\u0442\u0440\u043e\u0439\u0449\u0438\u043a\u043e\u0432 (\u043d\u043e\u0432\u043e\u0441\u0442\u0440\u043e\u0439\u043a\u0438)",
    "slug": "kvartiry-ot-zastrojshikov-novostrojki"
  }
},
{
  "model": "classifieds.subcategory",
  "pk": 16,
  "fields": {
    "category": 12,
    "name": "\u0414\u043e\u043c\u0430 \u043e\u0442 \u0437\u0430\u0441\u0442\u0440\u043e\u0439\u0449\u0438\u043a\u043e\u0432",
    "slug": "doma-ot-zastrojshikov"
  }
},
{
  "model": "classifieds.note",
  "pk": 1,
  "fields": {
    "subcategory": 4,
    "name": "\u041f\u0440\u043e\u0441\u0442\u043e\u0440\u043d\u044b\u0439 \u0434\u043e\u043c",
    "slug": "prostornyi-dom",
    "description": "\u041f\u0440\u043e\u0434\u0430\u043c \u0445\u043e\u0440\u043e\u0448\u0438\u0439 \u0434\u043e\u043c \u0432 \u0442\u0438\u0445\u043e\u043c \u043c\u0435\u0441\u0442\u0435, \u0441\u043e \u0432\u0441\u0435\u043c\u0438 \u0443\u0434\u043e\u0431\u0441\u0442\u0432\u0430\u043c\u0438.",
    "price": "30000.00",
    "is_active": true,
    "created": "2019-06-28T20:28:21.075Z",
    "updated": "2019-07-08T14:30:28.822Z",
    "user": 2,
    "phone": "(099) 1234567",
    "email": "",
    "messenger": ""
  }
},
{
  "model": "classifieds.note",
  "pk": 2,
  "fields": {
    "subcategory": 2,
    "name": "\u041e\u0434\u043d\u043e\u043a\u043e\u043c\u043d\u0430\u0442\u043d\u0430\u044f \u043a\u0432\u0430\u0440\u0442\u0438\u0440\u0430",
    "slug": "odnokomnatnaia-kvartira",
    "description": "\u0423\u044e\u0442\u043d\u0430\u044f \u043e\u0434\u043d\u043e\u043a\u043e\u043c\u043d\u0430\u0442\u043d\u0430\u044f \u043a\u0432\u0430\u0440\u0442\u0438\u0440\u0430 \u043d\u0435 \u0434\u043e\u0440\u043e\u0433\u043e.",
    "price": "10000.00",
    "is_active": true,
    "created": "2019-06-28T20:29:22.418Z",
    "updated": "2019-07-08T14:30:39.427Z",
    "user": 2,
    "phone": "(099) 1234567",
    "email": "",
    "messenger": ""
  }
},
{
  "model": "classifieds.note",
  "pk": 3,
  "fields": {
    "subcategory": 11,
    "name": "\u041a\u043e\u0444\u0435 \u0420\u043e\u0431\u0443\u0441\u0442\u0430",
    "slug": "kofe-robusta",
    "description": "\u0411\u043e\u0434\u0440\u044f\u0449\u0438\u0439 \u043a\u043e\u0444\u0435 \u0420\u043e\u0431\u0443\u0441\u0442\u0430.",
    "price": "5.00",
    "is_active": true,
    "created": "2019-06-28T20:31:09.887Z",
    "updated": "2019-07-08T14:43:12.952Z",
    "user": 3,
    "phone": "",
    "email": "",
    "messenger": "skype:123"
  }
},
{
  "model": "classifieds.note",
  "pk": 4,
  "fields": {
    "subcategory": 11,
    "name": "\u041a\u043e\u0444\u0435 \u0410\u0440\u0430\u0431\u0438\u043a\u0430",
    "slug": "kofe-arabika",
    "description": "\u0410\u0440\u043e\u043c\u0430\u0442\u043d\u044b\u0439 \u043a\u043e\u0444\u0435 \u0430\u0440\u0430\u0431\u0438\u043a\u0430",
    "price": "5.00",
    "is_active": true,
    "created": "2019-06-29T14:06:23.397Z",
    "updated": "2019-07-08T14:42:12.281Z",
    "user": 2,
    "phone": "0123456789",
    "email": "",
    "messenger": ""
  }
},
{
  "model": "classifieds.note",
  "pk": 5,
  "fields": {
    "subcategory": 11,
    "name": "\u041a\u043e\u0444\u0435 \u0410\u0440\u0430\u0431\u0438\u043a\u0430",
    "slug": "kofe-arabika",
    "description": "\u0411\u043e\u0434\u0440\u044f\u0449\u0438\u0439 \u043a\u043e\u0444\u0435 \u0410\u0440\u0430\u0431\u0438\u043a\u0430",
    "price": "4.50",
    "is_active": true,
    "created": "2019-06-29T14:07:52.660Z",
    "updated": "2019-07-08T14:42:40.908Z",
    "user": 3,
    "phone": "",
    "email": "vova@vova.com",
    "messenger": ""
  }
},
{
  "model": "classifieds.note",
  "pk": 6,
  "fields": {
    "subcategory": 10,
    "name": "\u0417\u0435\u043b\u0435\u043d\u044b\u0439 \u0447\u0430\u0439",
    "slug": "zelenyi-chai",
    "description": "\u041f\u043e\u043b\u0435\u0437\u043d\u044b\u0439 \u0438 \u0432\u043a\u0443\u0441\u043d\u044b\u0439 \u0417\u0435\u043b\u0435\u043d\u044b\u0439 \u0447\u0430\u0439",
    "price": "2.00",
    "is_active": true,
    "created": "2019-06-29T14:11:12.678Z",
    "updated": "2019-07-08T14:46:15.601Z",
    "user": 3,
    "phone": "1234567",
    "email": "vova@vova.com",
    "messenger": ""
  }
},
{
  "model": "classifieds.note",
  "pk": 7,
  "fields": {
    "subcategory": 10,
    "name": "\u0427\u0435\u0440\u043d\u044b\u0439 \u0447\u0430\u0439",
    "slug": "chernyi-chai",
    "description": "\u0411\u043e\u0434\u0440\u044f\u0449\u0438\u0439 \u0427\u0435\u0440\u043d\u044b\u0439 \u0447\u0430\u0439.",
    "price": "2.50",
    "is_active": true,
    "created": "2019-06-29T14:12:39.242Z",
    "updated": "2019-07-08T14:45:57.070Z",
    "user": 3,
    "phone": "",
    "email": "vova@vova.com",
    "messenger": ""
  }
},
{
  "model": "classifieds.note",
  "pk": 8,
  "fields": {
    "subcategory": 6,
    "name": "\u041c\u0430\u0441\u0442\u0435\u0440 \u043f\u043e \u0440\u0435\u043c\u043e\u043d\u0442\u0443 \u0440\u0430\u0434\u0438\u043e\u044d\u043b\u0435\u043a\u0442\u0440\u043e\u043d\u0438\u043a\u0438",
    "slug": "master-po-remontu-radioelektroniki",
    "description": "\u0418\u0449\u0443 \u0440\u0430\u0431\u043e\u0442\u0443 \u043c\u0430\u0441\u0442\u0435\u0440\u043e\u043c \u043f\u043e \u0440\u0435\u043c\u043e\u043d\u0442\u0443 \u0440\u0430\u0434\u0438\u043e\u044d\u043b\u0435\u043a\u0442\u043e\u0440\u043d\u0438\u043a\u0438",
    "price": "350.00",
    "is_active": true,
    "created": "2019-06-29T14:16:16.557Z",
    "updated": "2019-07-08T14:45:07.469Z",
    "user": 2,
    "phone": "",
    "email": "oleg-jobs@oleg.com",
    "messenger": ""
  }
},
{
  "model": "classifieds.note",
  "pk": 17,
  "fields": {
    "subcategory": 8,
    "name": "\u041f\u0438\u0432\u043e \u0420\u043e\u0433\u0430\u043d\u044c",
    "slug": "pivo-rogan",
    "description": "\u0412\u043a\u0443\u0441\u043d\u043e\u0435 \u043f\u0438\u0432\u043e \u0420\u043e\u0433\u0430\u043d\u044c",
    "price": "2.25",
    "is_active": true,
    "created": "2019-07-02T16:56:43.977Z",
    "updated": "2019-07-03T17:52:32.505Z",
    "user": 3,
    "phone": "",
    "email": "vova@vova.com",
    "messenger": ""
  }
},
{
  "model": "classifieds.note",
  "pk": 18,
  "fields": {
    "subcategory": 9,
    "name": "\u0412\u043e\u0434\u043a\u0430 \u0410\u0431\u0441\u043e\u043b\u044e\u0442",
    "slug": "vodka-absolyut",
    "description": "\u041a\u0430\u0447\u0435\u0441\u0442\u0432\u0435\u043d\u043d\u0430\u044f \u0432\u043e\u0434\u043a\u0430 \u0410\u0431\u0441\u043e\u043b\u044e\u0442",
    "price": "5.00",
    "is_active": true,
    "created": "2019-07-08T14:48:07.380Z",
    "updated": "2019-07-08T14:48:07.380Z",
    "user": 3,
    "phone": "",
    "email": "vova@vova.com",
    "messenger": ""
  }
},
{
  "model": "classifieds.image",
  "pk": 1,
  "fields": {
    "note": 1,
    "image": "note/2019/07/03/ei081ft7ont2e7fo2rmep28le8doj65z.jpg",
    "main": false
  }
},
{
  "model": "classifieds.image",
  "pk": 2,
  "fields": {
    "note": 2,
    "image": "note/2019/07/03/3299f89f751a0d3120c4b2165cf3f247.jpg",
    "main": false
  }
},
{
  "model": "classifieds.image",
  "pk": 3,
  "fields": {
    "note": 3,
    "image": "note/2019/07/03/kofe-robysta.jpg",
    "main": false
  }
},
{
  "model": "classifieds.image",
  "pk": 4,
  "fields": {
    "note": 3,
    "image": "note/2019/07/03/robusta.jpg",
    "main": true
  }
},
{
  "model": "classifieds.image",
  "pk": 5,
  "fields": {
    "note": 3,
    "image": "note/2019/07/03/robusta_1.jpg",
    "main": false
  }
},
{
  "model": "classifieds.image",
  "pk": 7,
  "fields": {
    "note": 6,
    "image": "note/2019/07/03/green-tea.jpg",
    "main": false
  }
},
{
  "model": "classifieds.image",
  "pk": 8,
  "fields": {
    "note": 7,
    "image": "note/2019/07/03/Black-tea.jpg",
    "main": false
  }
},
{
  "model": "classifieds.image",
  "pk": 15,
  "fields": {
    "note": 17,
    "image": "note/2019/07/03/20180829.1535553482.SNCPSG10.obj.0.1.jpg.oe.jpg.pf.jpg.1350nowm.jpg.1350x.jpg",
    "main": false
  }
},
{
  "model": "classifieds.image",
  "pk": 16,
  "fields": {
    "note": 5,
    "image": "note/2019/07/03/arabica-parchment.jpg",
    "main": false
  }
},
{
  "model": "classifieds.image",
  "pk": 17,
  "fields": {
    "note": 18,
    "image": "note/2019/07/08/full_vodka-absolyut-absolut-40-0-7l-1-real-photo.jpg",
    "main": false
  }
}
]
